time_exchange,symbol_id,price,size,bid1_price,bid1_size,ask1_price,ask1_size,bid2_price,bid2_size,ask2_price,ask2_size,bid3_price,bid3_size,ask3_price,ask3_size,bid4_price,bid4_size,ask4_price,ask4_size,bid5_price,bid5_size,ask5_price,ask5_size,bid6_price,bid6_size,ask6_price,ask6_size,bid7_price,bid7_size,ask7_price,ask7_size,bid8_price,bid8_size,ask8_price,ask8_size,bid9_price,bid9_size,ask9_price,ask9_size,bid10_price,bid10_size,ask10_price,ask10_size,bid11_price,bid11_size,ask11_price,ask11_size,bid12_price,bid12_size,ask12_price,ask12_size,bid13_price,bid13_size,ask13_price,ask13_size,bid14_price,bid14_size,ask14_price,ask14_size,bid15_price,bid15_size,ask15_price,ask15_size,bid16_price,bid16_size,ask16_price,ask16_size,bid17_price,bid17_size,ask17_price,ask17_size,bid18_price,bid18_size,ask18_price,ask18_size,bid19_price,bid19_size,ask19_price,ask19_size,bid20_price,bid20_size,ask20_price,ask20_size
2019-02-17 20:10:52.221,BINANCE_SPOT_BTC_USDT,3622.16000000,0.23826500,3621.65,0.013805,3622.56,0.017608,3621.63,0.153827,3622.58,0.051086,3621.61,0.064639,3622.6,0.48836,3621.4,0.06625,3622.62,1.8,3621.0,0.003,3622.63,0.033099,3620.69,0.577803,3622.64,0.003135,3620.67,0.5,3623.0,0.211151,3620.65,0.5,3623.07,0.26463,3620.58,0.006075,3623.27,4.875887,3620.56,0.75762,3623.32,0.027567,3620.54,5.05,3623.53,0.5,3620.37,0.329,3623.54,0.5,3619.54,0.068137,3624.31,1.0,3619.5,0.01818,3624.63,0.03309,3619.26,0.08848,3624.65,0.478337,3619.23,1.0,3624.87,0.959915,3618.86,0.5,3624.88,0.0035,3618.81,0.01,3625.1,1.830131,3618.52,1.903913,3625.11,1.5,3618.51,1.0,3625.13,8.563861
2019-02-17 20:10:54.304,BINANCE_SPOT_BTC_USDT,3622.16000000,0.23826500,3621.65,0.013805,3622.58,0.011515,3621.63,0.153827,3622.6,0.539446,3621.61,0.064639,3622.62,1.8,3621.4,0.06625,3622.63,0.033099,3621.0,0.003,3622.64,0.003135,3620.85,0.5,3623.0,0.211151,3620.65,0.5,3623.07,0.26463,3620.6,0.006075,3623.27,4.84822,3620.58,0.577796,3623.32,0.027567,3620.56,0.75762,3623.52,0.527403,3620.54,5.05,3623.53,0.5,3620.37,0.329,3624.31,1.0,3619.54,0.068137,3624.63,0.03309,3619.5,0.01818,3624.65,0.478337,3619.26,0.08848,3624.88,0.0035,3619.23,1.0,3625.1,1.830131,3618.86,0.5,3625.11,1.5,3618.81,0.01,3625.13,8.563861,3618.52,1.903913,3625.22,0.18637,3618.51,1.0,3625.25,0.109278
2019-02-17 20:10:56.226,BINANCE_SPOT_BTC_USDT,3622.58000000,0.00609300,3621.65,0.013805,3622.54,0.051086,3621.63,0.153827,3622.56,0.48836,3621.61,0.064639,3622.58,1.0,3621.4,0.06625,3622.63,0.033099,3621.0,0.003,3622.64,0.003135,3620.87,0.583871,3623.0,0.211151,3620.85,0.5,3623.05,0.011515,3620.72,0.757606,3623.07,0.26463,3620.7,1.0,3623.27,4.84822,3620.67,0.006101,3623.32,0.027567,3620.65,0.5,3623.52,0.5,3620.54,5.05,3623.53,1.0,3620.37,0.329,3624.31,1.0,3619.54,0.068137,3624.58,0.552268,3619.5,0.01818,3624.63,0.03309,3619.26,0.08848,3624.65,0.478337,3618.86,0.5,3624.87,0.959915,3618.81,0.01,3624.88,0.0035,3618.52,1.903913,3625.1,1.830131,3618.51,1.0,3625.11,1.5
2019-02-17 20:10:58.167,BINANCE_SPOT_BTC_USDT,3621.67000000,0.06683600,3621.65,0.013805,3622.58,0.051086,3621.61,0.064639,3622.6,0.48836,3621.4,0.06625,3622.62,1.0,3621.0,0.003,3622.63,0.033099,3620.98,0.5,3622.64,0.003135,3620.65,0.5,3623.0,0.211151,3620.6,0.006075,3623.05,0.011515,3620.58,0.583894,3623.07,0.26463,3620.56,0.757599,3623.27,4.84822,3620.54,5.05,3623.32,0.027567,3620.37,0.329,3623.51,0.5,3619.54,0.068137,3623.52,0.527454,3619.5,0.01818,3624.31,1.0,3619.26,0.08848,3624.58,0.552268,3619.04,1.0,3624.63,0.03309,3618.86,0.5,3624.65,0.478337,3618.81,0.01,3624.88,0.0035,3618.52,1.903913,3625.09,0.959915,3618.51,1.0,3625.1,1.830131,3618.43,0.552269,3625.11,1.5
2019-02-17 20:11:00.150,BINANCE_SPOT_BTC_USDT,3622.55000000,0.12012700,3621.65,0.013805,3622.55,0.368233,3621.61,0.064639,3622.57,1.0,3621.4,0.06625,3622.63,0.033099,3621.0,0.003,3622.64,0.003135,3620.98,0.5,3623.0,0.211151,3620.65,0.5,3623.05,0.011515,3620.58,0.641058,3623.07,0.26463,3620.56,0.877733,3623.27,4.84822,3620.54,5.05,3623.32,0.055086,3620.37,0.329,3623.51,0.5,3619.54,0.068137,3623.52,0.5,3619.5,0.01818,3624.31,1.0,3619.26,0.08848,3624.58,0.552268,3619.04,1.0,3624.63,0.03309,3618.86,0.5,3624.65,0.478337,3618.81,0.01,3624.88,0.0035,3618.52,1.903913,3625.09,0.959915,3618.51,1.0,3625.1,1.830131,3618.43,0.552269,3625.11,1.5,3618.41,0.3,3625.13,8.563861
2019-02-17 20:11:02.114,BINANCE_SPOT_BTC_USDT,3622.63000000,0.01477400,3621.71,0.066238,3623.28,0.221042,3621.7,0.017616,3623.32,0.027567,3621.68,8.8,3623.51,1.0,3621.67,5.135527,3624.31,1.0,3621.65,0.013805,3624.58,4.200488,3621.64,0.232506,3624.63,0.03309,3621.61,0.064639,3624.65,0.478337,3621.0,0.432641,3625.1,1.830131,3620.98,0.5,3625.11,1.5,3620.9,0.5,3625.13,9.523776,3620.58,0.051087,3625.22,0.18637,3620.56,0.877733,3625.25,0.109278,3620.54,0.027623,3625.64,0.345134,3620.37,0.329,3626.0,0.018606,3619.54,0.068137,3626.48,0.3,3619.5,0.01818,3626.49,0.5,3619.26,0.08848,3626.5,0.09996,3619.04,1.0,3626.65,1.0,3618.86,0.5,3626.8,0.03308,3618.81,0.01,3626.81,0.17082
2019-02-17 20:11:04.323,BINANCE_SPOT_BTC_USDT,3622.12000000,0.06603500,3622.12,0.000202,3623.32,0.027567,3621.72,0.222915,3623.51,1.0,3621.7,0.429638,3623.54,0.5,3621.68,8.7,3624.31,1.0,3621.67,5.190751,3624.58,3.64822,3621.65,0.013805,3624.63,0.03309,3621.61,0.064639,3624.65,0.478337,3621.29,0.5,3625.11,1.5,3621.0,0.003,3625.13,8.563861,3620.98,0.5,3625.14,0.55227,3620.9,0.5,3625.22,0.18637,3620.73,1.0,3625.25,0.109278,3620.56,0.877733,3625.63,1.991004,3620.37,0.329,3625.64,0.345134,3619.54,0.068137,3626.0,0.018606,3619.5,0.01818,3626.25,0.132432,3619.26,0.08848,3626.48,0.3,3618.87,0.3,3626.49,0.5,3618.86,0.5,3626.5,0.09996,3618.81,0.01,3626.79,0.959915
2019-02-17 20:11:06.622,BINANCE_SPOT_BTC_USDT,3622.98000000,0.05460700,3622.02,0.066237,3623.3,0.006074,3622.01,0.114764,3623.32,0.027567,3621.85,0.235289,3623.49,0.009049,3621.74,0.042033,3623.51,1.0,3621.72,0.138355,3624.08,0.04,3621.7,0.429638,3624.31,1.0,3621.68,8.7,3624.56,0.027397,3621.67,5.105224,3624.58,3.64822,3621.65,0.013805,3624.63,0.03309,3621.61,0.064639,3624.65,0.478337,3621.29,1.5,3625.11,1.5,3621.0,0.003,3625.13,8.563861,3620.9,0.5,3625.22,0.18637,3620.56,0.877733,3625.25,0.109278,3620.37,0.329,3625.63,1.991004,3620.33,0.5,3625.64,0.345134,3619.97,0.540991,3626.0,0.018606,3619.54,0.068137,3626.25,0.132432,3619.5,0.01818,3626.34,0.020298,3619.26,0.08848,3626.48,0.3
2019-02-17 20:11:16.693,BINANCE_SPOT_BTC_USDT,3623.30000000,0.02609000,3622.34,0.017613,3623.3,0.007008,3622.32,1.796029,3623.31,0.036108,3622.3,4.7,3623.32,0.027567,3622.25,0.032771,3624.29,0.084545,3622.22,0.066237,3624.31,1.0,3622.07,0.235102,3624.58,3.64822,3621.68,8.7,3624.63,0.03309,3621.67,5.105224,3625.11,1.5,3621.65,0.013805,3625.13,8.563861,3621.61,0.092009,3625.16,0.5,3621.25,0.5,3625.25,0.109278,3621.0,0.003,3626.0,0.018606,3620.9,0.5,3626.25,0.132432,3620.64,1.0,3626.32,0.959915,3620.37,0.329,3626.33,1.879382,3620.33,0.5,3626.48,0.3,3619.97,0.540991,3626.49,0.5,3619.55,0.223666,3626.5,0.09996,3619.54,0.068137,3626.8,0.03308,3619.5,0.01818,3626.81,0.17082
2019-02-17 20:11:18.975,BINANCE_SPOT_BTC_USDT,3622.34000000,0.01588800,3622.36,0.120728,3623.3,0.007008,3622.34,0.097596,3623.31,0.036108,3622.32,1.6753,3623.32,0.027567,3622.3,4.7,3624.29,0.100433,3622.25,0.032771,3624.31,1.0,3622.22,0.066237,3624.58,3.64822,3622.07,0.262808,3624.63,0.03309,3621.68,8.7,3625.11,1.5,3621.67,5.105224,3625.13,8.563861,3621.65,0.013805,3625.16,0.5,3621.61,0.064639,3625.25,0.109278,3621.25,0.5,3625.5,0.5,3621.16,1.0,3626.0,0.018606,3621.0,0.003,3626.25,0.132432,3620.9,0.5,3626.33,1.879382,3620.37,0.329,3626.48,0.3,3620.33,0.5,3626.49,0.5,3619.97,0.540991,3626.5,0.09996,3619.55,0.223666,3626.79,0.959915,3619.54,0.068137,3626.8,0.03308
2019-02-17 20:11:21.008,BINANCE_SPOT_BTC_USDT,3622.82000000,0.23560100,3622.36,0.120728,3623.3,0.007008,3622.34,0.097596,3623.31,0.036108,3622.32,1.6753,3623.32,0.027567,3622.3,4.7,3624.29,0.100433,3622.25,0.032771,3624.31,1.0,3622.22,0.066237,3624.58,3.64822,3622.07,0.262808,3624.63,0.03309,3621.68,8.7,3625.11,1.5,3621.67,5.105224,3625.13,8.563861,3621.65,0.013805,3625.25,0.109278,3621.61,0.064639,3625.5,0.5,3621.25,0.5,3626.0,0.018606,3621.16,1.0,3626.25,0.132432,3621.0,0.003,3626.33,1.879382,3620.9,0.5,3626.48,0.3,3620.37,0.329,3626.49,0.5,3620.33,0.5,3626.5,0.09996,3619.97,0.540991,3626.79,0.959915,3619.55,0.223666,3626.8,0.03308,3619.54,0.068137,3626.81,0.17082
2019-02-17 20:11:23.115,BINANCE_SPOT_BTC_USDT,3623.02000000,0.17761700,3622.39,0.550282,3623.3,0.007008,3622.38,0.074181,3623.31,0.036108,3622.37,0.5,3623.32,0.027567,3622.32,1.245736,3624.29,0.100433,3622.3,4.7,3624.31,1.0,3622.25,0.032771,3624.58,3.64822,3622.22,0.066237,3624.63,0.03309,3622.07,0.235102,3625.11,1.5,3621.68,8.727789,3625.13,8.563861,3621.67,5.05,3625.25,0.109278,3621.65,0.013805,3625.5,0.5,3621.61,0.064639,3626.0,0.018606,3621.25,0.5,3626.25,0.132432,3621.0,0.003,3626.33,1.879382,3620.59,1.0,3626.48,0.3,3620.37,0.329,3626.49,0.5,3620.33,0.5,3626.5,0.09996,3619.97,0.540991,3626.8,0.03308,3619.55,0.223666,3626.81,0.17082,3619.54,0.068137,3626.85,0.004135
2019-02-17 20:11:24.990,BINANCE_SPOT_BTC_USDT,3622.39000000,0.00318500,3622.39,0.547097,3623.3,0.007008,3622.38,0.074181,3623.31,0.036108,3622.37,0.5,3623.32,0.027567,3622.32,1.245736,3624.29,0.103618,3622.3,4.7,3624.31,1.0,3622.25,0.032771,3624.58,3.64822,3622.22,0.066237,3624.63,0.03309,3622.07,0.235102,3625.11,1.5,3621.68,8.7,3625.13,8.563861,3621.67,5.077464,3625.25,0.109278,3621.65,0.013805,3625.5,0.5,3621.61,0.064639,3625.52,0.5,3621.25,0.5,3626.0,0.018606,3621.12,1.0,3626.25,0.132432,3621.0,0.003,3626.33,1.879382,3620.37,0.329,3626.47,0.959915,3620.33,0.5,3626.48,0.3,3619.97,0.540991,3626.49,0.5,3619.55,0.223666,3626.5,0.09996,3619.54,0.068137,3626.8,0.03308
2019-02-17 20:11:27.000,BINANCE_SPOT_BTC_USDT,3622.39000000,0.00318500,3622.39,0.117541,3623.3,0.003794,3622.38,0.074181,3623.31,0.036108,3622.37,0.226941,3623.32,0.027567,3622.34,0.429556,3624.29,0.103618,3622.32,1.245736,3624.31,1.0,3622.3,4.7,3624.58,3.64822,3622.25,0.032771,3624.63,0.03309,3622.22,0.066237,3625.11,1.5,3622.07,0.235102,3625.13,8.563861,3621.68,8.727646,3625.25,0.109278,3621.67,5.05,3625.5,0.5,3621.65,0.013805,3625.52,0.5,3621.61,0.064639,3626.0,0.018606,3621.12,1.0,3626.25,0.132432,3621.0,0.003,3626.33,1.879382,3620.37,0.329,3626.48,0.3,3620.33,0.5,3626.49,0.5,3619.97,0.540991,3626.5,0.09996,3619.55,0.223666,3626.8,0.03308,3619.54,0.068137,3626.81,0.17082
2019-02-17 20:11:29.038,BINANCE_SPOT_BTC_USDT,3622.43000000,0.04530200,3622.43,0.072238,3623.3,9e-06,3622.41,0.142262,3623.31,0.036108,3622.39,0.429556,3623.32,0.027567,3622.37,0.726941,3624.29,0.14892,3622.32,1.245736,3624.31,1.0,3622.3,4.7,3624.58,3.64822,3622.25,0.032771,3624.63,0.03309,3622.22,0.066237,3625.11,1.5,3622.07,0.262873,3625.13,8.563861,3621.68,8.7,3625.25,0.109278,3621.67,5.05,3625.46,0.451883,3621.65,0.013805,3625.5,0.5,3621.61,0.064639,3625.52,0.5,3621.0,0.003,3626.0,0.018606,3620.48,1.0,3626.25,0.132432,3620.37,0.329,3626.32,0.959915,3620.33,0.5,3626.33,1.879382,3619.97,0.540991,3626.48,0.3,3619.55,0.223666,3626.49,0.5,3619.54,0.068137,3626.5,0.09996
2019-02-17 20:11:31.090,BINANCE_SPOT_BTC_USDT,3624.29000000,0.03661600,3622.52,0.006073,3624.26,0.015888,3622.5,0.102774,3624.28,0.033091,3622.48,0.216027,3624.31,1.0,3622.46,4.313237,3624.34,0.159653,3622.44,11.7,3624.63,0.03309,3622.41,0.142262,3625.07,0.020536,3622.37,0.754579,3625.09,0.075884,3622.25,0.032771,3625.11,1.5,3622.22,0.066237,3625.13,8.563861,3621.68,8.7,3625.25,0.109278,3621.67,5.05,3625.38,0.5,3621.65,0.013805,3625.46,0.451883,3621.61,0.064639,3625.52,0.5,3621.0,0.003,3626.0,3.666826,3620.48,1.0,3626.25,0.132432,3620.37,0.329,3626.33,1.879382,3620.33,0.5,3626.5,0.09996,3619.97,0.540991,3626.8,0.03308,3619.55,0.223666,3626.81,0.17082,3619.54,0.068137,3626.85,0.004135
2019-02-17 20:11:33.122,BINANCE_SPOT_BTC_USDT,3622.55000000,0.00483100,3622.81,0.287242,3624.23,0.003327,3622.77,0.030535,3624.24,0.004831,3622.75,0.072225,3624.26,0.015888,3622.73,0.027528,3624.28,0.033091,3622.46,4.313237,3624.31,1.0,3622.44,10.7,3624.32,0.186357,3622.41,0.142262,3624.63,0.03309,3622.37,0.726941,3625.07,0.020536,3622.28,0.5,3625.09,0.075884,3621.68,4.6,3625.11,1.5,3621.67,5.05,3625.13,8.563861,3621.65,0.013805,3625.25,0.109278,3621.61,0.064639,3625.37,0.5,3621.37,0.5,3625.38,0.5,3621.0,0.003,3625.46,0.451883,3620.48,1.0,3626.0,3.666826,3620.37,0.329,3626.25,0.132432,3620.33,0.5,3626.33,1.879382,3619.97,0.540991,3626.5,0.09996,3619.55,0.223666,3626.8,0.03308
2019-02-17 20:11:35.251,BINANCE_SPOT_BTC_USDT,3622.97000000,0.00327900,3623.04,0.06622,3624.23,0.003327,3623.03,0.023627,3624.26,0.004831,3623.0,0.020966,3624.28,0.033091,3622.92,0.220459,3624.31,1.0,3622.46,2.638,3624.63,0.03309,3622.44,0.5,3625.07,0.027441,3622.37,0.726941,3625.09,0.091772,3622.28,0.5,3625.11,1.5,3621.74,0.072218,3625.13,8.563861,3621.72,0.4295,3625.25,0.109278,3621.7,1.245557,3625.37,0.5,3621.68,4.6,3625.38,0.5,3621.67,5.05,3625.46,0.451883,3621.65,0.013805,3626.0,3.666826,3621.61,0.064639,3626.25,0.132432,3621.37,0.5,3626.33,1.879382,3621.0,0.003,3626.49,0.959915,3620.48,1.0,3626.5,0.09996,3620.37,0.329,3626.8,0.03308,3620.33,0.5,3626.81,0.17082
2019-02-17 20:11:37.094,BINANCE_SPOT_BTC_USDT,3623.50000000,0.16937200,3623.07,0.06622,3624.23,0.003327,3623.0,0.020966,3624.28,0.033091,3622.97,0.023626,3624.31,1.0,3622.95,0.22662,3624.63,0.03309,3622.46,2.638,3625.07,0.032272,3622.44,0.5,3625.09,0.091772,3622.37,0.726941,3625.11,1.5,3622.28,0.5,3625.13,8.563861,3621.74,0.072218,3625.25,0.109278,3621.72,0.4295,3625.37,0.5,3621.7,1.245557,3625.38,0.5,3621.68,4.6,3625.46,0.451883,3621.67,5.05,3626.0,3.666826,3621.65,0.013805,3626.2,0.464774,3621.61,0.064639,3626.25,0.132432,3621.37,0.5,3626.33,1.879382,3621.12,1.0,3626.5,0.09996,3621.0,0.003,3626.8,0.03308,3620.37,0.329,3626.81,0.17082,3620.33,0.5,3626.85,0.004135
2019-02-17 20:11:39.214,BINANCE_SPOT_BTC_USDT,3624.23000000,0.00329400,3623.1,0.06622,3624.23,3.3e-05,3623.09,0.051224,3624.28,0.033091,3622.97,0.023626,3624.31,1.0,3622.95,0.22662,3624.63,0.03309,3622.46,2.638,3625.07,0.032272,3622.44,0.5,3625.09,0.091772,3622.37,0.726941,3625.11,1.5,3622.28,0.5,3625.13,8.563861,3621.74,0.072218,3625.25,0.109278,3621.72,0.456824,3625.37,0.5,3621.7,1.245557,3625.38,0.5,3621.68,4.6,3625.46,0.451883,3621.67,5.05,3626.0,3.666826,3621.65,0.013805,3626.2,0.464774,3621.61,0.064639,3626.25,0.132432,3621.37,0.5,3626.33,1.879382,3621.12,1.0,3626.5,0.09996,3621.01,0.223564,3626.8,0.03308,3621.0,0.003,3626.81,0.17082,3620.37,0.329,3626.85,0.004135
2019-02-17 20:11:41.088,BINANCE_SPOT_BTC_USDT,3624.23000000,0.05522300,3623.13,0.06622,3624.23,0.017025,3623.11,0.6,3624.28,0.033091,3623.09,0.051224,3624.31,1.0,3622.97,0.226741,3624.63,0.03309,3622.5,0.095833,3625.07,0.032272,3622.48,0.429468,3625.09,0.091772,3622.46,2.638,3625.11,1.5,3622.44,0.5,3625.13,8.563861,3622.37,0.726941,3625.25,0.109278,3622.28,0.5,3625.37,1.0,3621.7,1.245557,3626.0,3.666826,3621.68,4.6,3626.2,0.464774,3621.67,5.05,3626.25,0.132432,3621.65,0.013805,3626.5,0.09996,3621.61,0.064639,3626.8,0.03308,3621.37,0.5,3626.81,0.17082,3621.12,1.0,3626.84,0.959915,3621.01,0.223564,3626.85,0.004135,3621.0,0.003,3626.92,0.0035,3620.37,0.329,3627.0,0.250357
2019-02-17 20:11:43.079,BINANCE_SPOT_BTC_USDT,3623.13000000,0.00334000,3623.13,0.06288,3624.24,0.00334,3623.11,0.6,3624.25,0.025658,3622.97,0.226741,3624.28,0.033091,3622.5,0.095833,3624.31,1.0,3622.48,0.429468,3624.63,0.03309,3622.46,2.638,3625.07,0.032272,3622.44,0.5,3625.09,0.091772,3622.37,0.5,3625.11,1.5,3622.28,0.5,3625.13,8.563861,3621.7,1.245557,3625.25,0.109278,3621.68,4.6,3625.37,1.0,3621.67,5.05,3626.0,3.666826,3621.65,0.013805,3626.2,0.464774,3621.61,0.064639,3626.25,0.132432,3621.37,0.5,3626.5,0.09996,3621.12,1.0,3626.8,0.03308,3621.01,0.223564,3626.81,0.17082,3621.0,0.003,3626.82,0.959915,3620.37,0.329,3626.83,1.945905,3620.33,0.5,3626.85,0.004135
2019-02-17 20:11:44.168,BINANCE_SPOT_BTC_USDT,3623.72000000,0.14008100,3623.13,0.06288,3624.24,0.00334,3623.11,0.6,3624.25,0.025658,3622.97,0.226741,3624.28,0.033091,3622.5,0.095833,3624.31,1.0,3622.48,0.429468,3624.63,0.03309,3622.46,2.638,3625.07,0.032272,3622.44,0.5,3625.09,0.091772,3622.37,0.5,3625.11,1.5,3622.28,0.5,3625.13,8.563861,3621.7,1.273018,3625.25,0.109278,3621.68,4.6,3625.37,1.0,3621.67,5.05,3626.0,3.666826,3621.65,0.013805,3626.2,0.464774,3621.61,0.064639,3626.25,0.132432,3621.37,0.5,3626.5,0.09996,3621.12,1.0,3626.8,0.03308,3621.01,0.223564,3626.81,0.17082,3621.0,0.003,3626.82,0.959915,3620.37,0.329,3626.83,1.945905,3620.33,0.5,3626.85,0.004135
2019-02-17 20:11:47.165,BINANCE_SPOT_BTC_USDT,3623.72000000,0.14008100,3623.19,0.023625,3624.24,0.00334,3623.17,0.072206,3624.25,0.025658,3623.16,0.06622,3624.28,0.033091,3623.15,1.24544,3624.63,0.03309,3623.13,2.638,3625.07,0.027441,3623.11,0.6,3625.09,0.096603,3622.97,0.226741,3625.11,1.5,3622.44,0.5,3625.13,8.563861,3622.37,0.5,3625.25,0.109278,3622.3,0.429462,3625.36,0.5,3622.28,0.5,3625.37,0.5,3621.72,0.027602,3626.0,3.666826,3621.71,0.046913,3626.2,0.464774,3621.68,4.6,3626.25,0.132432,3621.67,5.05,3626.5,0.09996,3621.65,0.013805,3626.8,0.03308,3621.61,0.064639,3626.81,0.17082,3621.37,0.5,3626.83,1.945905,3621.12,1.0,3626.85,0.004135,3621.01,0.223564,3626.92,0.0035
2019-02-17 20:11:49.271,BINANCE_SPOT_BTC_USDT,3624.22000000,0.01571500,3623.53,0.015736,3624.22,2.1e-05,3623.18,0.023625,3624.24,0.00334,3623.16,0.06622,3624.28,0.033091,3623.15,1.24544,3624.63,0.03309,3623.13,2.638,3625.08,0.108156,3622.97,0.226741,3625.09,0.015888,3622.49,0.5,3625.1,0.991343,3622.44,0.5,3625.11,1.5,3622.32,0.072206,3625.13,8.563861,3622.3,0.456826,3625.25,0.109278,3622.28,0.5,3625.36,1.0,3621.71,0.046913,3626.0,3.666826,3621.68,4.6,3626.2,0.464774,3621.67,5.05,3626.25,0.132432,3621.65,0.013805,3626.5,0.09996,3621.61,0.064639,3626.8,0.03308,3621.37,0.5,3626.81,0.17082,3621.12,1.0,3626.85,0.004135,3621.01,0.223564,3626.92,0.0035,3621.0,0.003,3627.0,0.250357
2019-02-17 20:11:50.724,BINANCE_SPOT_BTC_USDT,3623.53000000,0.00328300,3623.53,0.012453,3624.22,2.1e-05,3623.18,0.023625,3624.24,0.00334,3623.16,0.06622,3624.28,0.033091,3623.15,1.24544,3624.63,0.03309,3623.13,2.638,3625.08,0.108156,3622.97,0.226741,3625.09,0.015888,3622.49,0.5,3625.1,0.991343,3622.44,0.5,3625.11,1.5,3622.32,0.072206,3625.13,8.563861,3622.3,0.456826,3625.25,0.109278,3622.28,0.5,3625.36,1.0,3621.71,0.046913,3626.0,3.666826,3621.68,4.6,3626.2,0.464774,3621.67,5.05,3626.25,0.132432,3621.65,0.013805,3626.5,0.09996,3621.61,0.064639,3626.8,0.03308,3621.37,0.5,3626.81,0.17082,3621.01,0.223564,3626.85,0.004135,3621.0,0.003,3626.92,0.0035,3620.37,0.329,3627.0,0.250357
2019-02-17 20:11:53.356,BINANCE_SPOT_BTC_USDT,3623.55000000,0.08030300,3623.19,0.023625,3624.24,0.00334,3623.17,0.072206,3624.28,0.033091,3623.16,0.06622,3624.63,0.03309,3623.15,1.24544,3625.08,0.108156,3623.13,2.638,3625.09,0.015888,3622.97,0.226741,3625.1,0.991343,3622.49,0.5,3625.11,1.5,3622.46,0.429462,3625.13,8.563861,3622.44,0.5,3625.25,0.109278,3621.71,0.046913,3625.36,1.0,3621.68,4.6,3626.0,3.666826,3621.67,5.05,3626.2,0.464774,3621.65,0.013805,3626.25,0.132432,3621.61,0.064639,3626.5,0.09996,3621.37,0.5,3626.8,0.03308,3621.27,1.0,3626.81,0.17082,3621.01,0.223564,3626.85,0.004135,3621.0,0.003,3626.92,0.0035,3620.37,0.329,3627.0,0.250357,3620.33,0.5,3627.45,0.033077
2019-02-17 20:11:55.139,BINANCE_SPOT_BTC_USDT,3623.55000000,0.08030300,3623.19,0.06622,3624.24,4.5e-05,3623.18,0.023624,3624.28,0.033091,3623.13,2.638,3624.63,0.03309,3623.08,0.230944,3625.08,0.108156,3622.51,0.072206,3625.09,0.015888,3622.49,0.5,3625.1,0.991343,3622.46,1.674898,3625.11,1.5,3622.44,1.0,3625.13,8.563861,3621.71,0.046913,3625.25,0.109278,3621.68,4.627647,3625.36,1.0,3621.67,5.05,3626.0,3.666826,3621.65,0.013805,3626.2,0.464774,3621.61,0.064639,3626.25,0.132432,3621.37,0.5,3626.5,0.09996,3621.27,1.0,3626.8,0.03308,3621.01,0.223564,3626.81,0.17082,3621.0,0.003,3626.85,0.004135,3620.37,0.329,3626.92,0.0035,3620.33,0.5,3627.0,0.250357,3619.97,0.540991,3627.45,0.033077
2019-02-17 20:11:57.072,BINANCE_SPOT_BTC_USDT,3624.22000000,0.13208700,3623.26,0.023624,3624.22,1.4e-05,3623.24,2.638,3624.24,4.5e-05,3623.22,1.027474,3624.28,0.033091,3623.19,0.06622,3624.63,0.03309,3623.09,0.2153,3625.08,0.108156,3622.5,0.072205,3625.09,0.015888,3622.49,0.5,3625.1,0.991343,3622.48,0.429457,3625.11,1.5,3622.46,1.245436,3625.13,8.563861,3622.44,1.0,3625.25,0.109278,3621.71,0.046913,3625.36,1.0,3621.68,4.6,3626.0,3.666826,3621.67,5.05,3626.2,0.464774,3621.65,0.013805,3626.25,0.132432,3621.61,0.064639,3626.5,0.09996,3621.37,0.5,3626.8,0.03308,3621.27,1.0,3626.81,0.17082,3621.01,0.223564,3626.85,0.004135,3621.0,0.003,3626.92,0.0035,3620.37,0.329,3627.0,0.250357
2019-02-17 20:11:59.521,BINANCE_SPOT_BTC_USDT,3623.28000000,0.00618100,3623.19,0.06622,3624.22,1.4e-05,3623.12,0.224167,3624.24,4.5e-05,3622.6,0.429461,3624.28,0.033091,3622.58,0.5,3624.63,0.03309,3622.51,0.017443,3625.08,0.114337,3622.49,0.5,3625.09,0.015888,3622.46,1.317642,3625.1,0.991343,3622.44,1.0,3625.11,1.5,3621.71,0.074744,3625.13,8.563861,3621.68,4.6,3625.25,0.109278,3621.67,5.05,3625.36,1.0,3621.65,0.013805,3626.0,3.666826,3621.61,0.064639,3626.2,0.464774,3621.37,0.5,3626.25,0.132432,3621.27,1.0,3626.5,0.09996,3621.01,0.223564,3626.8,0.03308,3621.0,0.003,3626.81,0.17082,3620.37,0.329,3626.85,0.004135,3620.33,0.5,3626.91,0.959915,3619.97,0.540991,3626.92,0.0035
2019-02-17 20:12:01.169,BINANCE_SPOT_BTC_USDT,3623.28000000,0.00618100,3623.19,0.06622,3624.22,1.4e-05,3623.12,0.224167,3624.24,4.5e-05,3622.51,0.446904,3624.28,0.033091,3622.49,0.5,3624.63,0.03309,3622.46,1.317642,3625.08,0.114337,3622.44,1.0,3625.09,0.015888,3621.71,0.046913,3625.1,0.991343,3621.68,4.6,3625.11,1.5,3621.67,5.077636,3625.13,8.563861,3621.65,0.013805,3625.25,0.109278,3621.61,0.064639,3625.36,1.0,3621.37,0.5,3626.0,3.666826,3621.27,1.0,3626.25,0.132432,3621.01,0.223564,3626.5,0.09996,3621.0,0.003,3626.8,0.03308,3620.37,0.329,3626.81,0.17082,3620.33,0.5,3626.85,0.004135,3619.97,0.540991,3626.91,0.959915,3619.54,0.068137,3626.92,0.0035,3619.5,0.01818,3627.0,0.250357
2019-02-17 20:12:03.592,BINANCE_SPOT_BTC_USDT,3623.28000000,0.00618100,3623.27,0.226885,3624.2,0.146881,3623.19,0.06622,3624.22,1.0,3623.16,0.233932,3624.24,4.5e-05,3622.49,0.5,3624.28,0.033091,3622.44,1.0,3624.63,0.03309,3621.72,0.089645,3625.07,0.004831,3621.71,0.046913,3625.08,0.109506,3621.7,0.429451,3625.09,0.015888,3621.68,4.6,3625.1,0.991343,3621.67,5.077306,3625.11,1.5,3621.65,0.013805,3625.13,8.563861,3621.61,0.064639,3625.25,0.109278,3621.38,1.0,3625.36,1.0,3621.37,0.5,3626.0,3.666826,3621.01,0.223564,3626.25,0.132432,3621.0,0.003,3626.38,0.582295,3620.37,0.329,3626.5,0.09996,3620.33,0.5,3626.8,0.03308,3619.97,0.540991,3626.81,0.17082,3619.54,0.068137,3626.85,0.004135
2019-02-17 20:12:05.594,BINANCE_SPOT_BTC_USDT,3623.27000000,0.22682300,3623.27,6.2e-05,3624.24,4.5e-05,3623.19,0.06622,3624.28,0.033091,3623.16,0.233932,3624.63,0.03309,3622.46,0.429451,3625.08,0.114337,3622.44,0.5,3625.09,0.015888,3621.72,0.089645,3625.1,0.991343,3621.71,0.046913,3625.11,1.5,3621.7,1.245409,3625.13,8.563861,3621.68,4.6,3625.25,0.109278,3621.67,5.05,3625.36,1.027832,3621.65,0.013805,3626.0,3.666826,3621.61,0.064639,3626.25,0.132432,3621.42,0.523421,3626.38,0.582295,3621.37,0.5,3626.5,0.09996,3621.1,1.0,3626.8,0.03308,3621.01,0.223564,3626.81,0.17082,3621.0,0.003,3626.85,0.004135,3620.37,0.329,3626.92,0.0035,3620.33,0.5,3627.0,0.250357,3619.54,0.068137,3627.45,0.033077
2019-02-17 20:12:07.628,BINANCE_SPOT_BTC_USDT,3623.27000000,0.22682300,3623.27,6.2e-05,3624.21,0.123009,3623.19,0.06622,3624.23,1.0,3622.49,0.5,3624.24,4.5e-05,3622.44,0.5,3624.28,0.033091,3622.43,0.12,3624.63,0.03309,3621.72,0.519096,3625.07,0.038453,3621.71,0.046913,3625.09,0.091772,3621.7,1.245409,3625.1,0.991343,3621.68,4.6,3625.11,1.5,3621.67,5.05,3625.13,8.591359,3621.65,0.013805,3625.25,0.109278,3621.61,0.064639,3625.36,0.5,3621.42,0.523421,3625.38,0.5,3621.37,0.5,3626.0,3.666826,3621.1,1.0,3626.25,0.132432,3621.01,0.223564,3626.38,0.582295,3621.0,0.003,3626.5,0.09996,3620.37,0.329,3626.8,0.03308,3620.33,0.5,3626.81,0.17082,3619.54,0.068137,3626.85,0.004135
2019-02-17 20:12:09.729,BINANCE_SPOT_BTC_USDT,3623.19000000,0.02689400,3623.19,8.7e-05,3624.15,0.004831,3622.55,0.072206,3624.17,0.082066,3622.54,0.017443,3624.2,0.932056,3622.53,0.429461,3624.21,0.357094,3622.52,0.229594,3624.28,0.033091,3622.51,1.245436,3624.63,0.03309,3622.49,1.0,3625.07,0.033622,3622.44,0.5,3625.09,0.075884,3622.43,0.12,3625.1,0.027454,3621.71,0.046913,3625.11,1.5,3621.68,4.6,3625.13,8.563861,3621.67,5.05,3625.25,0.109278,3621.65,0.013805,3626.0,3.666826,3621.61,0.064639,3626.25,0.132432,3621.42,0.523421,3626.38,0.582295,3621.37,0.5,3626.5,0.09996,3621.1,1.0,3626.79,0.959915,3621.01,0.223564,3626.8,0.03308,3621.0,0.003,3626.81,0.17082,3620.37,0.329,3626.85,0.004135
2019-02-17 20:12:12.097,BINANCE_SPOT_BTC_USDT,3624.18000000,0.00340000,3623.19,8.7e-05,3624.14,0.012488,3622.64,0.011193,3624.16,0.07512,3622.62,0.214506,3624.21,0.234085,3622.46,0.429461,3624.28,0.033091,3622.44,0.5,3624.63,0.03309,3621.74,0.017443,3625.09,0.109506,3621.73,0.04665,3625.11,1.5,3621.72,0.072206,3625.13,8.563861,3621.7,1.245436,3625.25,0.109278,3621.68,4.6,3625.32,0.5,3621.67,5.05,3626.0,3.666826,3621.65,0.013805,3626.25,0.132432,3621.61,0.064639,3626.38,0.582295,3621.42,0.523421,3626.5,0.09996,3621.37,0.5,3626.8,0.03308,3621.1,1.0,3626.81,0.17082,3621.01,0.223564,3626.85,0.004135,3621.0,0.003,3626.92,0.0035,3620.37,0.329,3627.0,0.250357,3620.33,0.5,3627.45,0.033077
2019-02-17 20:12:14.611,BINANCE_SPOT_BTC_USDT,3624.14000000,0.04552500,3623.19,8.7e-05,3624.16,1.07512,3622.65,0.023681,3624.21,0.234085,3622.64,0.219129,3624.28,0.033091,3622.46,0.429461,3624.63,0.03309,3622.44,0.5,3625.08,0.905122,3622.24,0.5,3625.09,0.075884,3622.13,0.12,3625.11,1.5,3621.74,0.051065,3625.13,8.563861,3621.73,0.04665,3625.25,0.109278,3621.72,0.072206,3625.27,0.5,3621.7,1.245436,3625.29,0.5,3621.68,4.6,3626.0,3.666826,3621.67,5.05,3626.25,0.132432,3621.65,0.013805,3626.38,0.582295,3621.61,0.064639,3626.5,0.09996,3621.42,0.523421,3626.79,0.959915,3621.37,0.5,3626.8,0.03308,3621.1,1.0,3626.81,0.17082,3621.01,0.223564,3626.85,0.004135,3621.0,0.003,3626.92,0.0035
2019-02-17 20:12:16.657,BINANCE_SPOT_BTC_USDT,3623.69000000,0.17622500,3623.19,8.7e-05,3624.21,0.234085,3622.73,0.006072,3624.28,0.033091,3622.71,0.068674,3624.63,0.03309,3622.69,0.286088,3625.08,0.905122,3622.67,1.674897,3625.09,0.075884,3622.65,2.638,3625.11,1.5,3622.44,0.5,3625.13,8.563861,3622.25,0.5,3625.25,0.109278,3621.73,0.04665,3625.26,1.0,3621.68,4.6,3626.0,3.666826,3621.67,5.05,3626.25,0.132432,3621.65,0.013805,3626.38,0.582295,3621.61,0.064639,3626.5,0.09996,3621.42,0.523421,3626.8,0.03308,3621.37,0.5,3626.81,0.17082,3621.1,1.0,3626.85,0.004135,3621.01,0.223564,3626.92,0.0035,3621.0,0.003,3627.0,0.250357,3620.37,0.329,3627.45,0.033077,3620.33,0.5,3627.54,1.868813
2019-02-17 20:12:18.844,BINANCE_SPOT_BTC_USDT,3623.69000000,0.17622500,3623.19,8.7e-05,3624.21,1.234085,3622.83,0.006072,3624.28,0.033091,3622.81,0.068674,3624.63,0.03309,3622.79,2.638,3625.08,0.905122,3622.74,0.215977,3625.09,0.075884,3622.5,0.5,3625.11,1.5,3622.44,0.5,3625.13,8.563861,3622.25,0.5,3625.25,0.609278,3621.74,0.072206,3625.26,0.5,3621.73,0.04665,3626.0,3.666826,3621.72,0.429461,3626.25,0.132432,3621.7,1.245436,3626.38,0.582295,3621.68,4.6,3626.5,0.09996,3621.67,5.05,3626.8,0.03308,3621.65,0.013805,3626.81,0.17082,3621.61,0.064639,3626.85,0.004135,3621.42,0.523421,3626.92,0.0035,3621.37,0.5,3627.0,0.250357,3621.1,1.0,3627.45,0.033077,3621.0,0.003,3627.54,1.868813
2019-02-17 20:12:20.956,BINANCE_SPOT_BTC_USDT,3622.95000000,0.00850900,3622.95,0.052195,3624.09,0.005983,3622.78,0.231313,3624.11,1.0,3622.44,0.5,3624.19,0.075341,3622.25,0.5,3624.21,1.0,3621.73,0.04665,3624.28,0.033091,3621.72,0.501677,3624.63,0.03309,3621.7,1.245436,3625.07,0.051069,3621.68,4.6,3625.09,0.093494,3621.67,5.05,3625.11,1.527665,3621.65,0.013805,3625.13,8.563861,3621.61,0.064639,3625.25,1.109278,3621.42,0.523421,3626.0,3.666826,3621.37,0.5,3626.25,0.132432,3621.1,1.0,3626.38,0.582295,3621.0,0.003,3626.5,0.09996,3620.38,0.223582,3626.8,0.03308,3620.37,0.329,3626.81,0.17082,3620.33,0.5,3626.85,0.004135,3620.0,0.003,3626.92,0.0035,3619.54,0.068137,3627.0,0.250357
2019-02-17 20:12:23.164,BINANCE_SPOT_BTC_USDT,3624.07000000,0.02132800,3622.95,0.052195,3624.07,2e-05,3622.79,0.004888,3624.09,1.7e-05,3622.78,0.231313,3624.11,1.0,3622.44,0.5,3624.21,1.0,3622.25,0.5,3624.28,0.033091,3622.24,0.5,3624.63,0.03309,3621.74,0.006055,3625.07,0.051069,3621.73,0.04665,3625.09,0.093494,3621.72,0.501677,3625.11,1.527665,3621.7,1.245436,3625.13,8.563861,3621.68,4.6,3625.24,0.5,3621.67,5.05,3625.25,0.609278,3621.65,0.013805,3626.0,3.666826,3621.61,0.064639,3626.25,0.132432,3621.42,0.523421,3626.38,0.582295,3621.37,0.5,3626.5,0.09996,3621.0,0.003,3626.8,0.03308,3620.85,1.0,3626.81,0.17082,3620.38,0.223582,3626.85,0.004135,3620.37,0.329,3626.92,0.0035
2019-02-17 20:12:24.875,BINANCE_SPOT_BTC_USDT,3623.27000000,0.15113900,3622.95,0.052195,3624.07,2e-05,3622.79,0.004888,3624.09,1.7e-05,3622.78,0.231313,3624.11,1.0,3622.44,0.5,3624.28,0.033091,3622.25,0.5,3624.63,0.03309,3622.24,0.5,3625.04,0.126953,3621.74,0.006055,3625.06,0.921647,3621.73,0.04665,3625.09,0.01761,3621.72,0.501677,3625.11,1.5,3621.7,1.245436,3625.13,8.563861,3621.68,4.6,3625.23,0.5,3621.67,5.05,3625.24,0.5,3621.65,0.013805,3625.25,0.109278,3621.61,0.064639,3626.0,3.666826,3621.42,0.523421,3626.25,0.132432,3621.37,0.5,3626.38,0.582295,3621.0,0.003,3626.5,0.09996,3620.85,1.0,3626.8,0.03308,3620.38,0.223582,3626.81,0.17082,3620.37,0.329,3626.85,0.004135
2019-02-17 20:12:27.009,BINANCE_SPOT_BTC_USDT,3622.78000000,0.01911900,3622.92,0.060704,3624.1,0.00396,3622.91,0.006073,3624.11,1.0,3622.89,7.0,3624.28,0.033091,3622.78,0.212194,3624.63,0.03309,3622.46,0.429496,3625.04,0.126953,3622.44,0.5,3625.06,0.921647,3622.25,0.5,3625.09,0.01761,3622.24,0.5,3625.11,1.5,3621.73,0.04665,3625.13,8.563861,3621.72,0.072216,3625.22,0.5,3621.7,1.245436,3625.24,0.5,3621.68,4.6,3625.25,0.109278,3621.67,5.05,3626.0,3.666826,3621.65,0.013805,3626.25,0.132432,3621.61,0.064639,3626.37,0.959915,3621.42,0.523421,3626.38,0.582295,3621.0,0.003,3626.5,0.09996,3620.85,1.0,3626.8,0.03308,3620.38,0.223582,3626.81,0.17082,3620.37,0.329,3626.85,0.004135
2019-02-17 20:12:29.236,BINANCE_SPOT_BTC_USDT,3624.08000000,0.15284000,3623.06,0.426202,3624.09,1.0,3623.04,1.32378,3624.1,0.00396,3623.02,4.8,3624.28,0.033091,3623.01,0.060704,3624.63,0.03309,3622.89,0.1,3625.04,0.126953,3622.78,0.212194,3625.06,0.921647,3622.44,0.5,3625.09,0.01761,3622.25,0.5,3625.11,1.5,3622.24,0.5,3625.13,8.563861,3621.73,0.04665,3625.22,1.0,3621.68,4.6,3625.25,0.109278,3621.67,5.05,3626.0,3.666826,3621.65,0.013805,3626.25,0.132432,3621.61,0.064639,3626.37,0.959915,3621.42,0.523421,3626.38,0.582295,3621.0,0.003,3626.5,0.09996,3620.38,0.223582,3626.8,0.03308,3620.37,0.329,3626.81,0.173603,3620.33,0.5,3626.85,0.004135,3620.0,0.003,3626.92,0.0035
2019-02-17 20:12:31.151,BINANCE_SPOT_BTC_USDT,3624.09000000,0.00571600,3623.01,0.060704,3624.07,0.117522,3622.78,0.212194,3624.09,0.994284,3622.44,0.5,3624.1,0.00396,3622.25,0.5,3624.28,0.033091,3622.24,0.5,3624.63,0.03309,3621.74,0.006072,3625.04,0.126953,3621.73,0.04665,3625.06,0.921647,3621.72,0.498415,3625.09,0.020887,3621.7,1.245481,3625.11,1.5,3621.68,4.6,3625.13,8.563861,3621.67,5.05,3625.21,0.5,3621.65,0.013805,3625.22,0.5,3621.61,0.064639,3625.25,0.109278,3621.42,0.523421,3626.0,3.666826,3621.0,0.003,3626.25,0.132432,3620.38,0.223582,3626.37,0.959915,3620.37,0.329,3626.38,0.582295,3620.33,0.5,3626.5,0.09996,3620.0,0.003,3626.8,0.03308,3619.54,0.068137,3626.81,0.173603
2019-02-17 20:12:33.241,BINANCE_SPOT_BTC_USDT,3624.07000000,0.11752200,3623.25,0.007727,3624.09,1.0,3623.01,0.060704,3624.1,0.00396,3622.78,0.212194,3624.28,0.033091,3622.44,0.5,3624.63,0.03309,3622.26,0.006072,3625.04,0.126953,3622.25,0.5,3625.06,0.921647,3622.24,0.5,3625.09,0.020887,3621.82,1.743796,3625.11,1.5,3621.8,1.0,3625.13,8.563861,3621.73,0.04665,3625.2,0.5,3621.68,4.6,3625.22,0.5,3621.67,5.05,3625.25,0.109278,3621.65,0.013805,3626.0,3.666826,3621.61,0.064639,3626.25,0.132432,3621.42,0.523421,3626.38,0.582295,3621.15,0.5,3626.5,0.09996,3621.0,0.003,3626.8,0.03308,3620.38,0.223582,3626.81,0.173603,3620.37,0.329,3626.85,0.004135,3620.33,0.5,3626.92,0.0035
2019-02-17 20:12:35.207,BINANCE_SPOT_BTC_USDT,3624.07000000,0.11752200,3623.01,0.060704,3624.1,0.00396,3622.87,0.227187,3624.28,0.033091,3622.48,0.006072,3624.63,0.03309,3622.46,0.426177,3625.04,0.13023,3622.44,0.5,3625.06,0.921647,3622.25,0.5,3625.09,0.01761,3622.24,0.5,3625.11,1.5,3622.02,1.317619,3625.13,8.563861,3622.0,1.0,3625.2,0.5,3621.73,0.04665,3625.21,0.5,3621.68,4.6,3625.25,0.109278,3621.67,5.05,3626.0,3.666826,3621.65,0.013805,3626.25,0.132432,3621.61,0.064639,3626.38,0.582295,3621.42,0.523421,3626.5,0.09996,3621.15,0.5,3626.8,0.03308,3621.0,0.003,3626.81,0.173603,3620.38,0.223582,3626.85,0.004135,3620.37,0.329,3626.92,0.0035,3620.33,0.5,3627.0,0.250357
2019-02-17 20:12:37.161,BINANCE_SPOT_BTC_USDT,3623.41000000,0.22075200,3623.01,0.057557,3624.09,1.0,3622.87,0.227187,3624.1,0.00396,3622.46,0.5,3624.28,0.033091,3622.44,0.5,3624.63,0.03309,3622.24,0.5,3625.04,0.126953,3621.74,0.006072,3625.06,0.921647,3621.73,0.04665,3625.09,0.020887,3621.72,0.498418,3625.11,1.5,3621.7,1.245498,3625.13,8.563861,3621.68,4.6,3625.2,0.5,3621.67,5.077554,3625.21,0.5,3621.65,0.013805,3625.25,0.109278,3621.61,0.064639,3626.0,3.666826,3621.44,1.0,3626.25,0.132432,3621.42,0.523421,3626.38,0.582295,3621.15,0.5,3626.5,0.09996,3621.0,0.003,3626.8,0.03308,3620.38,0.223582,3626.81,0.173603,3620.37,0.329,3626.85,0.004135,3620.33,0.5,3626.92,0.0035
2019-02-17 20:12:39.497,BINANCE_SPOT_BTC_USDT,3623.01000000,0.02856700,3623.01,0.02899,3624.09,1.0,3622.87,0.227187,3624.1,0.00396,3622.49,0.12,3624.28,0.033091,3622.46,0.5,3624.63,0.03309,3622.44,0.5,3625.04,0.126953,3622.24,0.5,3625.06,0.921647,3621.74,0.006072,3625.09,0.020887,3621.73,0.04665,3625.11,1.5,3621.72,0.498418,3625.13,8.563861,3621.7,1.245498,3625.2,0.527519,3621.68,4.6,3625.21,0.5,3621.67,5.05,3625.25,0.109278,3621.65,1.013805,3626.0,3.666826,3621.61,0.064639,3626.25,0.132432,3621.51,0.007727,3626.38,0.582295,3621.42,0.523421,3626.5,0.09996,3621.15,0.5,3626.8,0.03308,3621.0,0.003,3626.81,0.173603,3620.37,0.329,3626.85,0.004135,3620.33,0.5,3626.92,0.0035
2019-02-17 20:12:41.424,BINANCE_SPOT_BTC_USDT,3623.01000000,0.02856700,3623.01,0.02899,3624.07,0.142419,3622.87,0.227187,3624.09,1.0,3622.46,0.5,3624.1,0.00396,3622.44,0.5,3624.28,0.033091,3622.24,0.5,3624.63,0.03309,3621.74,0.006072,3625.04,0.126953,3621.73,0.04665,3625.06,0.921647,3621.72,0.498418,3625.09,0.020887,3621.7,1.245498,3625.11,1.5,3621.68,4.6,3625.13,8.563861,3621.67,5.05,3625.2,0.527519,3621.65,1.013805,3625.21,0.5,3621.61,0.064639,3625.25,0.109278,3621.51,0.007727,3626.0,3.666826,3621.42,0.523421,3626.25,0.132432,3621.15,0.5,3626.38,0.582295,3621.0,0.003,3626.5,0.09996,3620.37,0.329,3626.8,0.03308,3620.33,0.5,3626.81,0.173603,3620.1,0.3,3626.85,0.004135
2019-02-17 20:12:43.339,BINANCE_SPOT_BTC_USDT,3624.07000000,0.14241900,3623.01,0.02899,3624.09,1.0,3622.87,0.227187,3624.1,0.00396,3622.46,0.5,3624.28,0.033091,3622.44,0.5,3624.63,0.03309,3622.33,0.5,3625.04,0.126953,3621.74,0.006072,3625.06,0.921647,3621.73,0.04665,3625.09,0.020887,3621.72,0.498418,3625.11,1.5,3621.7,1.245498,3625.13,8.563861,3621.68,4.6,3625.2,0.5,3621.67,5.05,3625.21,0.5,3621.65,1.013805,3625.25,0.109278,3621.61,0.064639,3626.0,3.666826,3621.51,0.007727,3626.25,0.132432,3621.42,0.523421,3626.38,0.582295,3621.15,0.5,3626.5,0.09996,3621.0,0.003,3626.8,0.03308,3620.37,0.329,3626.81,0.173603,3620.33,0.5,3626.85,0.004135,3620.11,0.223594,3626.92,0.0035
2019-02-17 20:12:45.304,BINANCE_SPOT_BTC_USDT,3624.07000000,0.14241900,3623.01,0.02899,3624.1,0.00396,3622.87,0.227187,3624.28,0.033091,3622.48,0.426205,3624.63,0.03309,3622.46,0.5,3625.04,0.13023,3622.44,0.5,3625.06,0.921647,3622.33,0.5,3625.09,0.01761,3621.74,0.006072,3625.11,1.5,3621.73,0.04665,3625.13,8.563861,3621.72,0.072213,3625.2,0.5,3621.7,1.298868,3625.21,0.5,3621.68,4.6,3625.25,0.109278,3621.67,5.05,3626.0,3.666826,3621.65,0.013805,3626.25,0.132432,3621.61,0.064639,3626.38,0.582295,3621.51,0.007727,3626.5,0.09996,3621.5,1.0,3626.8,0.03308,3621.42,0.523421,3626.81,0.173603,3621.15,0.5,3626.85,0.004135,3621.0,0.003,3626.92,0.0035,3620.37,0.329,3627.0,0.250357
2019-02-17 20:12:47.471,BINANCE_SPOT_BTC_USDT,3623.01000000,0.00724600,3623.01,0.021744,3624.07,0.070185,3622.87,0.227187,3624.09,1.0,3622.46,0.5,3624.1,0.00396,3622.44,0.5,3624.28,0.033091,3622.33,0.5,3624.63,0.03309,3621.74,0.006072,3625.04,0.126953,3621.73,0.04665,3625.06,0.921647,3621.72,0.498418,3625.09,0.020887,3621.7,1.298868,3625.11,1.5,3621.68,4.6,3625.13,8.563861,3621.67,5.05,3625.2,0.527615,3621.65,0.013805,3625.21,0.5,3621.61,0.064639,3625.25,0.109278,3621.51,0.007727,3626.0,3.666826,3621.42,0.523421,3626.25,0.132432,3621.15,0.5,3626.38,0.582295,3621.0,0.003,3626.5,0.09996,3620.37,0.329,3626.79,0.959915,3620.34,1.834441,3626.8,0.03308,3620.33,0.5,3626.81,0.173603
2019-02-17 20:12:49.704,BINANCE_SPOT_BTC_USDT,3623.01000000,0.02171600,3623.01,2.8e-05,3624.06,0.00396,3622.48,0.006072,3624.07,0.01761,3622.46,0.5,3624.09,1.215131,3622.45,0.225321,3624.28,0.033091,3622.44,0.5,3624.63,0.03309,3622.33,0.5,3625.06,0.921647,3622.13,0.12,3625.07,0.051069,3621.73,0.04665,3625.09,0.079161,3621.72,0.498418,3625.11,1.5,3621.7,1.298868,3625.13,8.563861,3621.68,4.6,3625.19,1.0,3621.67,6.05,3625.25,0.109278,3621.65,0.013805,3626.0,3.666826,3621.61,0.064639,3626.25,0.132432,3621.51,0.007727,3626.38,0.582295,3621.42,0.523421,3626.5,0.09996,3621.15,0.5,3626.8,0.03308,3621.0,0.003,3626.81,0.173603,3620.37,0.329,3626.85,0.004135,3620.34,1.834441,3626.92,0.0035
2019-02-17 20:12:51.735,BINANCE_SPOT_BTC_USDT,3624.09000000,0.49762900,3623.01,2.8e-05,3624.05,0.060676,3622.52,0.006072,3624.06,0.064164,3622.5,0.01761,3624.09,0.215131,3622.48,0.426205,3624.28,0.033091,3622.47,0.228075,3624.63,0.03309,3622.46,0.5,3625.04,0.003277,3622.44,0.5,3625.06,0.921647,3622.33,0.5,3625.07,0.051069,3621.73,0.04665,3625.09,0.075884,3621.72,0.072213,3625.11,1.5,3621.7,1.326698,3625.13,8.563861,3621.68,4.6,3625.16,0.5,3621.67,6.05,3625.19,0.5,3621.65,0.013805,3625.25,0.109278,3621.61,0.064639,3626.0,3.666826,3621.51,0.007727,3626.25,0.132432,3621.42,0.523421,3626.38,0.582295,3621.15,0.5,3626.5,0.09996,3621.0,0.003,3626.8,0.03308,3620.37,0.329,3626.81,0.173603
2019-02-17 20:12:53.793,BINANCE_SPOT_BTC_USDT,3623.71000000,0.15817700,3623.01,2.8e-05,3624.05,1.060676,3622.51,0.006072,3624.06,0.064164,3622.49,0.01761,3624.09,0.215131,3622.47,0.228075,3624.28,0.033091,3622.33,0.5,3624.63,0.03309,3621.73,0.04665,3625.06,0.921647,3621.72,0.498418,3625.08,0.051069,3621.7,1.298868,3625.1,0.079161,3621.68,4.6,3625.11,1.5,3621.67,5.05,3625.12,0.5,3621.65,0.013805,3625.13,9.063861,3621.61,0.064639,3625.25,0.109278,3621.51,0.007727,3626.0,3.666826,3621.42,0.523421,3626.25,0.132432,3621.15,0.5,3626.38,0.582295,3621.01,1.0,3626.5,0.09996,3621.0,0.003,3626.8,0.03308,3620.38,0.223589,3626.81,0.173603,3620.37,0.329,3626.85,0.004135,3620.34,1.834441,3626.92,0.0035
2019-02-17 20:12:55.839,BINANCE_SPOT_BTC_USDT,3624.02000000,0.02548400,3622.82,0.060706,3624.01,1.0,3622.57,0.221532,3624.02,0.019086,3622.13,0.12,3624.04,8.8,3621.73,0.04665,3624.05,3.64822,3621.72,0.006073,3624.09,0.215131,3621.71,0.646292,3624.28,0.033091,3621.7,0.05337,3624.63,0.03309,3621.69,1.245564,3624.94,0.5,3621.67,5.05,3625.11,1.5,3621.65,0.013805,3625.12,0.5,3621.61,0.064639,3625.13,8.591209,3621.51,0.007727,3625.25,0.109278,3621.42,0.523421,3626.0,0.018606,3621.0,0.003,3626.24,0.959915,3620.56,1.0,3626.25,0.132432,3620.37,0.329,3626.38,0.582295,3620.34,1.834441,3626.5,0.09996,3620.33,0.5,3626.8,0.03308,3620.11,0.223597,3626.81,0.173603,3620.1,0.3,3626.85,0.004135
2019-02-17 20:12:58.280,BINANCE_SPOT_BTC_USDT,3624.02000000,0.00306000,3622.82,0.060706,3624.02,1.016026,3622.57,0.221532,3624.05,3.64822,3621.76,0.12,3624.28,0.033091,3621.73,0.04665,3624.63,0.03309,3621.72,0.006073,3624.84,0.5,3621.71,0.646292,3624.85,0.5,3621.7,0.05337,3625.11,1.5,3621.69,1.245564,3625.13,8.563861,3621.67,5.05,3625.25,0.109278,3621.65,0.013805,3625.99,0.959915,3621.61,0.064639,3626.0,0.018606,3621.51,0.007727,3626.25,0.132432,3621.43,0.5,3626.38,0.582295,3621.42,0.523421,3626.45,0.345134,3621.34,0.5,3626.5,0.09996,3621.26,1.0,3626.8,0.03308,3621.0,0.003,3626.81,0.173603,3620.37,0.329,3626.85,0.004135,3620.34,1.96979,3626.92,0.0035,3620.33,0.5,3627.0,0.250357
2019-02-17 20:13:00.440,BINANCE_SPOT_BTC_USDT,3624.03000000,0.00930100,3622.86,0.060705,3624.03,0.097407,3622.85,1.0,3624.05,3.64822,3622.57,0.221532,3624.28,0.033091,3621.73,0.04665,3624.63,0.03309,3621.72,0.006073,3624.84,0.5,3621.71,0.646292,3624.85,0.5,3621.7,0.05337,3625.11,1.5,3621.69,1.245564,3625.13,8.563861,3621.67,5.05,3625.25,0.109278,3621.65,0.013805,3626.0,0.018606,3621.61,0.064639,3626.25,0.132432,3621.51,0.007727,3626.45,0.345134,3621.43,0.5,3626.5,0.09996,3621.42,0.523421,3626.8,0.03308,3621.34,0.5,3626.81,0.173603,3621.26,1.0,3626.85,0.004135,3621.0,0.003,3626.92,0.0035,3620.38,0.223582,3627.0,0.250357,3620.37,0.329,3627.45,0.033077,3620.33,0.5,3627.54,1.868813
2019-02-17 20:13:02.234,BINANCE_SPOT_BTC_USDT,3623.32000000,0.09562800,3622.86,0.060705,3624.01,1.0,3622.57,0.221532,3624.03,0.097407,3621.73,0.04665,3624.05,3.64822,3621.71,0.652365,3624.28,0.033091,3621.7,0.05337,3624.6,1.0,3621.69,1.245564,3624.63,0.03309,3621.67,5.05,3625.11,1.5,3621.65,0.013805,3625.13,8.563861,3621.61,0.064639,3625.25,0.109278,3621.51,0.007727,3626.0,0.018606,3621.43,0.5,3626.25,0.160125,3621.42,0.523421,3626.45,0.345134,3621.34,0.5,3626.5,0.09996,3621.26,1.0,3626.8,0.03308,3621.0,0.003,3626.81,0.173603,3620.38,0.223582,3626.85,0.004135,3620.37,0.329,3626.92,0.0035,3620.1,0.3,3627.0,0.250357,3620.0,0.003,3627.45,0.033077,3619.76,0.5,3627.54,1.868813
2019-02-17 20:13:04.407,BINANCE_SPOT_BTC_USDT,3622.86000000,0.00305500,3622.86,0.05765,3624.02,0.003083,3622.57,0.221532,3624.03,1.097407,3621.73,0.16665,3624.05,3.64822,3621.71,0.652365,3624.28,0.033091,3621.7,0.05337,3624.63,0.03309,3621.69,1.245564,3625.11,1.527788,3621.67,5.05,3625.13,8.563861,3621.65,0.013805,3625.25,0.109278,3621.61,0.064639,3626.0,0.018606,3621.51,0.007727,3626.24,0.959915,3621.43,0.5,3626.25,0.132432,3621.42,0.523421,3626.45,0.345134,3621.34,0.5,3626.5,0.09996,3621.26,1.0,3626.8,0.03308,3621.0,0.003,3626.81,0.173603,3620.38,0.223582,3626.85,0.004135,3620.37,0.329,3626.92,0.0035,3620.1,0.3,3627.0,0.250357,3620.0,0.003,3627.45,0.033077,3619.76,0.5,3627.54,1.868813
2019-02-17 20:13:06.636,BINANCE_SPOT_BTC_USDT,3622.86000000,0.00868500,3622.86,0.05202,3623.94,0.027824,3622.57,0.221532,3623.95,0.003083,3621.73,0.16665,3623.96,1.0,3621.71,0.652365,3623.98,0.153772,3621.7,0.05337,3624.05,3.64822,3621.69,1.245564,3624.28,0.033091,3621.67,5.05,3624.63,0.03309,3621.65,0.013805,3624.99,0.5,3621.61,0.064639,3625.11,1.5,3621.51,0.007727,3625.13,8.563861,3621.43,0.5,3625.25,0.109278,3621.42,0.523421,3626.0,0.018606,3621.34,0.5,3626.24,0.959915,3621.26,1.0,3626.25,0.132432,3621.0,0.003,3626.45,0.345134,3620.38,0.223582,3626.5,0.09996,3620.37,0.329,3626.8,0.03308,3620.1,0.3,3626.81,0.173603,3620.0,0.003,3626.85,0.004135,3619.76,0.5,3627.0,0.250357
2019-02-17 20:13:08.787,BINANCE_SPOT_BTC_USDT,3623.64000000,0.28319400,3622.86,0.05202,3623.32,0.0045,3622.57,0.221532,3623.93,0.027627,3621.75,0.148103,3623.94,1.0,3621.73,0.16665,3623.95,0.003083,3621.71,0.50426,3623.98,0.153772,3621.7,0.05337,3624.02,0.480719,3621.69,1.245564,3624.05,3.64822,3621.67,5.05,3624.28,0.033091,3621.65,0.013805,3624.63,0.03309,3621.61,0.064639,3624.95,0.5,3621.43,0.5,3624.96,0.5,3621.42,0.523421,3625.11,1.5,3621.34,0.5,3625.13,8.563861,3621.0,0.003,3625.25,0.109278,3620.47,1.0,3626.0,0.018606,3620.38,0.223582,3626.24,0.959915,3620.37,0.329,3626.25,0.132432,3620.1,0.3,3626.45,0.345134,3620.0,0.003,3626.5,0.09996,3619.76,0.5,3626.8,0.03308
2019-02-17 20:13:10.944,BINANCE_SPOT_BTC_USDT,3623.18000000,0.15473500,3623.18,0.023618,3623.3,0.023618,3622.86,0.05202,3623.32,0.0045,3622.57,0.221532,3623.95,0.003083,3621.73,0.12,3624.02,0.480719,3621.71,0.652363,3624.05,3.64822,3621.7,0.05337,3624.28,0.033091,3621.69,1.245564,3624.63,0.03309,3621.67,5.05,3624.95,0.5,3621.61,0.064639,3624.96,0.5,3621.43,0.5,3625.11,1.527559,3621.42,0.523421,3625.13,8.563861,3621.34,0.5,3625.25,0.109278,3621.15,1.0,3626.0,0.018606,3621.0,0.003,3626.24,0.959915,3620.38,0.223582,3626.25,0.132432,3620.37,0.336727,3626.45,0.345134,3620.1,0.3,3626.5,0.09996,3620.0,0.003,3626.8,0.03308,3619.76,0.5,3626.81,0.173603,3619.54,0.068137,3626.85,0.004135
2019-02-17 20:13:13.046,BINANCE_SPOT_BTC_USDT,3624.05000000,0.29122800,3623.19,0.060701,3624.27,0.00563,3623.18,0.023618,3624.28,0.033091,3622.88,0.013801,3624.63,0.03309,3622.57,0.221532,3624.94,0.5,3621.74,0.046388,3624.95,0.5,3621.73,0.12,3625.11,4.857,3621.71,0.652363,3625.13,8.563861,3621.7,0.05337,3625.25,0.109278,3621.69,1.245564,3626.0,0.018606,3621.67,5.05,3626.24,0.959915,3621.61,0.064639,3626.25,0.132432,3621.43,0.5,3626.45,0.345134,3621.42,0.523421,3626.5,0.09996,3621.34,0.5,3626.8,0.03308,3621.0,0.003,3626.81,0.173603,3620.53,1.0,3626.85,0.004135,3620.38,0.223582,3627.0,0.250357,3620.37,0.336727,3627.45,0.033077,3620.1,0.3,3627.54,1.868813,3620.0,0.003,3627.55,0.033526
2019-02-17 20:13:15.078,BINANCE_SPOT_BTC_USDT,3623.19000000,0.00774800,3623.19,0.052953,3624.26,1.0,3623.18,0.023618,3624.27,0.00563,3623.05,0.230222,3624.28,0.033091,3622.88,0.013801,3624.63,0.03309,3621.74,0.046388,3624.94,0.5,3621.71,0.652363,3624.95,0.5,3621.7,0.05337,3625.11,4.857,3621.69,1.245564,3625.13,8.563861,3621.67,5.05,3625.25,0.109278,3621.61,0.064639,3626.0,0.018606,3621.43,0.5,3626.25,0.132432,3621.42,0.523421,3626.45,0.345134,3621.34,0.5,3626.5,0.09996,3621.28,1.0,3626.8,0.03308,3621.0,0.003,3626.81,0.173603,3620.38,0.223582,3626.85,0.004135,3620.37,0.336727,3627.0,0.250357,3620.1,0.3,3627.45,0.033077,3620.0,0.003,3627.54,1.868813,3619.76,0.5,3627.55,0.033526
2019-02-17 20:13:17.131,BINANCE_SPOT_BTC_USDT,3623.21000000,0.12384800,3623.19,0.052953,3624.25,2.3,3623.05,0.230222,3624.26,1.0,3622.88,0.013801,3624.27,0.00563,3622.45,0.12,3624.28,0.033091,3621.88,0.429458,3624.63,0.03309,3621.86,0.5,3624.89,0.5,3621.74,0.046388,3624.93,0.955366,3621.71,0.222858,3624.94,0.5,3621.7,0.05337,3625.11,4.857,3621.69,1.245564,3625.13,8.563861,3621.67,5.05,3625.25,0.109278,3621.61,0.064639,3626.0,0.018606,3621.43,0.5,3626.25,0.132432,3621.42,0.523421,3626.45,0.345134,3621.28,1.0,3626.5,0.09996,3621.0,0.003,3626.79,0.959915,3620.52,0.5,3626.8,0.03308,3620.38,0.223582,3626.81,0.173603,3620.37,0.336727,3626.85,0.004135,3620.1,0.3,3627.0,0.250357
2019-02-17 20:13:19.114,BINANCE_SPOT_BTC_USDT,3624.25000000,0.65378400,3623.19,0.052953,3624.25,1.646216,3623.05,0.230222,3624.26,1.0,3622.88,0.013801,3624.27,0.00563,3622.45,0.12,3624.28,0.033091,3621.88,0.429458,3624.63,0.03309,3621.86,0.5,3624.89,0.5,3621.74,0.046388,3624.94,0.5,3621.71,0.222858,3624.96,0.027572,3621.7,0.05337,3625.11,4.857,3621.69,1.245564,3625.13,8.563861,3621.67,5.05,3625.25,0.109278,3621.61,0.064639,3626.0,0.018606,3621.55,0.5,3626.25,0.132432,3621.42,0.523421,3626.5,0.09996,3621.28,1.0,3626.8,0.03308,3621.0,0.003,3626.81,0.173603,3620.52,0.5,3626.85,0.004135,3620.38,0.223582,3627.0,0.250357,3620.37,0.336727,3627.45,0.033077,3620.1,0.3,3627.54,1.868813
2019-02-17 20:13:20.993,BINANCE_SPOT_BTC_USDT,3624.26000000,0.02209200,3623.19,0.052953,3624.26,0.977908,3623.05,0.230222,3624.27,0.00563,3622.88,0.013801,3624.28,0.033091,3621.9,0.14809,3624.3,0.015825,3621.89,0.046258,3624.63,0.03309,3621.88,0.429458,3624.88,0.911252,3621.86,0.5,3624.89,0.5,3621.71,0.074755,3624.94,0.5,3621.7,0.05337,3625.11,4.857,3621.69,1.245564,3625.13,8.563861,3621.67,5.05,3625.25,0.109278,3621.61,0.064639,3626.0,0.018606,3621.55,0.5,3626.25,0.132432,3621.42,0.523421,3626.5,0.09996,3621.28,1.0,3626.8,0.03308,3621.0,0.003,3626.81,0.173603,3620.52,0.5,3626.85,0.004135,3620.38,0.223582,3627.0,0.250357,3620.37,0.336727,3627.45,0.033077,3620.1,0.3,3627.54,1.868813
2019-02-17 20:13:23.089,BINANCE_SPOT_BTC_USDT,3623.21000000,0.07227400,3623.21,2.4e-05,3624.26,0.86394,3623.19,0.049846,3624.27,0.00563,3623.05,0.230222,3624.28,0.033091,3622.88,0.013801,3624.3,0.015825,3621.9,0.14809,3624.63,0.03309,3621.89,0.046258,3624.88,0.911252,3621.88,0.429458,3624.89,0.5,3621.86,0.5,3624.94,0.5,3621.71,0.074755,3625.11,4.857,3621.7,0.05337,3625.13,8.563861,3621.69,1.245564,3625.25,0.109278,3621.67,5.05,3626.0,0.018606,3621.61,0.064639,3626.25,0.132432,3621.55,0.5,3626.5,0.09996,3621.42,0.523421,3626.8,0.03308,3621.28,1.0,3626.81,0.173603,3621.0,0.003,3626.85,0.004135,3620.52,0.5,3627.0,0.250357,3620.38,0.223582,3627.45,0.033077,3620.37,0.336727,3627.54,1.868813
2019-02-17 20:13:25.270,BINANCE_SPOT_BTC_USDT,3623.19000000,0.03178100,3623.06,0.049964,3624.24,0.055685,3623.05,0.230222,3624.25,3.7,3622.88,0.013801,3624.28,0.033091,3621.95,0.14809,3624.3,0.015825,3621.93,0.12,3624.63,0.03309,3621.89,0.046258,3624.88,0.911252,3621.88,0.429458,3624.89,0.5,3621.86,0.5,3624.94,0.5,3621.72,0.006072,3625.11,4.884709,3621.71,0.068682,3625.13,8.563861,3621.7,0.05337,3625.25,0.109278,3621.69,1.245564,3626.0,0.018606,3621.67,5.05,3626.25,0.132432,3621.61,0.064639,3626.5,0.09996,3621.55,0.5,3626.8,0.03308,3621.42,0.523421,3626.81,0.173603,3621.28,1.0,3626.85,0.004135,3621.0,0.003,3627.0,0.250357,3620.52,0.5,3627.45,0.033077,3620.38,0.223582,3627.54,1.868813
2019-02-17 20:13:27.219,BINANCE_SPOT_BTC_USDT,3624.24000000,0.00513300,3623.09,0.060702,3624.22,7.055685,3623.08,0.092918,3624.25,3.7,3622.88,0.013801,3624.28,0.033091,3621.95,0.14809,3624.3,0.015825,3621.93,0.12,3624.63,0.03309,3621.89,0.046258,3624.89,0.5,3621.88,0.429458,3624.94,0.5,3621.86,0.5,3625.11,4.884505,3621.71,0.07475,3625.13,8.563861,3621.7,0.05337,3625.25,0.109278,3621.69,1.245564,3626.0,0.018606,3621.67,5.05,3626.25,0.132432,3621.61,0.064639,3626.5,0.09996,3621.55,0.5,3626.8,0.03308,3621.42,0.523421,3626.81,0.173603,3621.28,1.0,3626.85,0.004135,3621.0,0.003,3627.0,0.250357,3620.38,0.223582,3627.45,0.033077,3620.37,0.336727,3627.54,1.868813,3620.1,0.3,3627.55,0.033526
2019-02-17 20:13:28.940,BINANCE_SPOT_BTC_USDT,3624.20000000,0.02790000,3623.09,0.060702,3624.2,0.027785,3623.08,0.092918,3624.22,7.0,3622.88,0.013801,3624.25,3.7,3621.95,0.14809,3624.28,0.033091,3621.93,0.12,3624.3,0.015825,3621.89,0.046258,3624.63,0.03309,3621.88,0.429458,3624.89,0.5,3621.86,0.5,3624.94,0.5,3621.71,0.07475,3624.98,0.027703,3621.7,0.05337,3625.11,4.857,3621.69,1.245564,3625.13,8.563861,3621.67,5.05,3625.25,0.109278,3621.61,0.064639,3626.0,0.018606,3621.55,0.5,3626.25,0.132432,3621.42,0.523421,3626.5,0.09996,3621.28,1.0,3626.8,0.03308,3621.0,0.003,3626.81,0.173603,3620.38,0.223582,3626.85,0.004135,3620.37,0.329,3627.0,0.250357,3620.1,0.3,3627.45,0.033077
2019-02-17 20:13:31.377,BINANCE_SPOT_BTC_USDT,3624.19000000,0.01396600,3623.09,0.060702,3624.19,5.996772,3623.08,0.092918,3624.28,0.033091,3622.88,0.013801,3624.3,0.015825,3621.95,0.14809,3624.63,0.03309,3621.93,0.12,3624.89,0.5,3621.89,0.046258,3624.94,0.5,3621.88,0.429458,3625.11,4.857,3621.86,0.5,3625.13,8.563861,3621.71,0.07475,3625.25,0.109278,3621.7,0.05337,3626.0,0.018606,3621.69,1.245564,3626.25,0.132432,3621.67,5.05,3626.5,0.09996,3621.61,0.064639,3626.8,0.03308,3621.55,0.5,3626.81,0.173603,3621.42,0.523421,3626.85,0.004135,3621.28,1.0,3627.0,0.250357,3621.0,0.003,3627.45,0.033077,3620.38,0.223582,3627.54,1.868813,3620.37,0.329,3627.55,0.033526,3620.1,0.3,3627.62,1.0
2019-02-17 20:13:32.946,BINANCE_SPOT_BTC_USDT,3623.09000000,0.00332100,3623.09,0.057381,3624.17,6.2,3622.88,0.013801,3624.18,6.0,3621.95,0.14809,3624.28,0.033091,3621.93,0.12,3624.3,0.015825,3621.89,0.046258,3624.63,0.03309,3621.88,0.429458,3624.89,0.5,3621.86,0.5,3624.98,0.5,3621.71,0.07475,3625.11,4.857,3621.7,0.05337,3625.13,8.563861,3621.69,1.245564,3625.25,0.109278,3621.67,5.05,3626.0,0.018606,3621.61,0.064639,3626.25,0.132432,3621.55,0.5,3626.5,0.09996,3621.42,0.523421,3626.8,0.03308,3621.28,1.0,3626.81,0.173603,3621.0,0.003,3626.85,0.004135,3620.38,0.223582,3627.0,0.250357,3620.37,0.329,3627.45,0.033077,3620.1,0.3,3627.54,1.868813,3620.0,0.003,3627.55,0.033526
2019-02-17 20:13:35.343,BINANCE_SPOT_BTC_USDT,3624.16000000,0.32614600,3622.14,0.060704,3624.13,0.135646,3622.13,0.006074,3624.14,6.0,3622.11,0.216829,3624.16,0.3,3622.09,1.675392,3624.17,1.0,3622.08,0.224824,3624.28,0.033091,3622.07,10.0,3624.3,0.015825,3622.04,0.14607,3624.5,0.11137,3621.96,1.0,3624.63,0.03309,3621.86,0.5,3624.89,0.5,3621.7,0.05337,3624.97,0.5,3621.67,5.05,3625.11,4.857,3621.61,0.064639,3625.13,8.563861,3621.55,0.5,3625.25,0.109278,3621.42,0.523421,3626.0,0.018606,3621.28,1.0,3626.25,0.132432,3621.0,0.003,3626.5,0.09996,3620.38,0.223582,3626.8,0.03308,3620.37,0.329,3626.81,0.173603,3620.1,0.3,3626.85,0.004135,3620.0,0.003,3627.0,0.250357
2019-02-17 20:13:37.470,BINANCE_SPOT_BTC_USDT,3623.20000000,0.10465600,3623.61,0.027538,3624.28,0.033091,3623.22,0.006071,3624.3,0.015825,3623.2,0.227308,3624.5,0.11137,3623.17,0.060701,3624.63,0.03309,3622.11,0.216785,3624.95,0.5,3622.09,1.675392,3624.96,0.5,3622.07,10.0,3625.11,4.857,3622.04,0.14607,3625.13,8.563861,3621.96,1.0,3625.25,0.109278,3621.7,0.05337,3626.0,0.018606,3621.67,5.05,3626.25,0.714001,3621.61,0.064639,3626.5,0.09996,3621.55,0.5,3626.8,0.03308,3621.42,0.523421,3626.81,0.173603,3621.28,1.0,3626.85,0.004135,3621.0,0.003,3627.0,0.250357,3620.38,0.223582,3627.44,0.959915,3620.37,0.329,3627.45,0.033077,3620.1,0.3,3627.53,0.916374,3620.0,0.003,3627.54,1.868813
2019-02-17 20:13:39.539,BINANCE_SPOT_BTC_USDT,3623.20000000,0.00305000,3623.2,0.223885,3624.28,0.033091,3623.17,0.060701,3624.3,0.015825,3622.11,0.222856,3624.5,0.11137,3622.09,1.675392,3624.63,0.03309,3622.07,10.0,3624.95,1.447592,3622.04,0.14607,3624.96,0.527324,3621.96,1.0,3625.11,4.857,3621.7,0.05337,3625.13,8.563861,3621.67,5.05,3625.25,0.109278,3621.63,0.5,3626.0,0.018606,3621.62,0.5,3626.25,0.714001,3621.61,0.064639,3626.5,0.09996,3621.42,0.523421,3626.8,0.03308,3621.28,1.0,3626.81,0.173603,3621.0,0.003,3626.85,0.004135,3620.77,0.5,3627.0,0.250357,3620.38,0.223582,3627.44,0.959915,3620.37,0.329,3627.45,0.033077,3620.1,0.3,3627.54,1.868813,3620.0,0.003,3627.55,0.033526
2019-02-17 20:13:41.385,BINANCE_SPOT_BTC_USDT,3623.22000000,0.09204900,3623.2,0.223885,3624.26,1.8,3623.17,0.060701,3624.27,1.0,3622.11,0.222856,3624.28,0.033091,3622.09,1.675392,3624.3,0.015825,3622.07,10.0,3624.5,0.11137,3621.96,1.0,3624.63,0.03309,3621.7,0.05337,3624.95,1.447592,3621.67,5.05,3624.96,0.5,3621.63,0.5,3625.11,4.857,3621.62,0.5,3625.13,8.591635,3621.61,0.064639,3625.25,0.109278,3621.42,0.523421,3626.0,0.018606,3621.28,1.0,3626.25,0.714001,3621.0,0.003,3626.5,0.09996,3620.77,0.5,3626.8,0.03308,3620.38,0.223582,3626.81,0.173603,3620.37,0.329,3626.85,0.004135,3620.1,0.3,3627.0,0.250357,3620.0,0.003,3627.44,0.959915,3619.77,0.3,3627.45,0.033077
2019-02-17 20:13:43.527,BINANCE_SPOT_BTC_USDT,3623.22000000,0.09204900,3623.2,0.223885,3624.27,1.0,3623.17,0.060701,3624.28,0.033091,3622.11,0.222856,3624.3,0.015825,3622.09,1.675392,3624.5,0.11137,3622.07,10.0,3624.63,0.03309,3621.96,1.0,3624.95,0.5,3621.7,0.05337,3624.96,0.5,3621.67,5.05,3625.0,0.5,3621.63,0.5,3625.11,4.884714,3621.62,0.5,3625.13,8.563861,3621.61,0.064639,3625.25,0.109278,3621.42,0.523421,3626.0,0.018606,3621.0,0.003,3626.25,0.714001,3620.99,1.0,3626.5,0.09996,3620.77,0.5,3626.8,0.03308,3620.38,0.223582,3626.81,0.173603,3620.37,0.329,3626.85,0.004135,3620.1,0.3,3627.0,0.250357,3620.0,0.003,3627.45,0.033077,3619.77,0.3,3627.54,1.868813
2019-02-17 20:13:45.765,BINANCE_SPOT_BTC_USDT,3623.36000000,0.00332100,3623.49,0.017607,3624.88,0.003321,3623.47,0.215176,3624.9,1.0,3623.46,0.060691,3624.93,0.024842,3623.29,0.051062,3624.94,0.806367,3623.27,0.148081,3624.95,0.5,3623.25,0.429456,3624.96,0.5,3623.23,1.24543,3625.0,0.192027,3623.21,1.0,3625.11,4.857,3622.08,0.045998,3625.13,8.563861,3622.07,10.0,3625.25,0.109278,3621.96,1.0,3626.0,0.018606,3621.7,0.05337,3626.25,0.714001,3621.67,5.05,3626.5,0.09996,3621.63,0.5,3626.8,0.03308,3621.62,0.5,3626.81,0.173603,3621.61,0.064639,3626.85,0.004135,3621.42,0.523421,3627.0,0.250357,3621.03,1.0,3627.45,0.033077,3621.0,0.003,3627.54,1.868813,3620.77,0.5,3627.55,0.033526
2019-02-17 20:13:47.628,BINANCE_SPOT_BTC_USDT,3624.51000000,0.10340200,3623.65,0.060691,3624.88,0.003321,3623.58,0.157432,3624.9,1.0,3623.57,0.230784,3624.93,0.024842,3623.25,0.051059,3624.95,0.5,3623.23,0.577503,3624.96,0.5,3623.21,1.0,3625.0,0.5,3622.1,0.017607,3625.11,4.857,3622.08,0.045998,3625.13,8.563861,3622.07,10.0,3625.25,0.109278,3621.96,1.0,3626.0,0.018606,3621.7,0.05337,3626.25,0.714001,3621.67,5.05,3626.5,0.09996,3621.63,0.5,3626.8,0.03308,3621.62,0.5,3626.81,0.173603,3621.61,0.064639,3626.85,0.004135,3621.58,0.5,3627.0,0.250357,3621.42,0.523421,3627.45,0.033077,3621.03,1.0,3627.54,1.868813,3621.0,0.003,3627.55,0.033526,3620.77,0.5,3627.69,0.0035
2019-02-17 20:13:49.607,BINANCE_SPOT_BTC_USDT,3623.65000000,0.00552000,3623.67,0.152745,3624.73,0.003321,3623.65,0.055171,3624.75,0.01104,3623.57,0.230784,3624.9,1.0,3622.13,0.148071,3624.93,0.024842,3622.11,0.114535,3624.95,0.5,3622.09,1.674684,3624.96,0.5,3622.07,10.0,3625.11,4.857,3621.96,1.0,3625.13,8.563861,3621.7,0.05337,3625.25,0.109278,3621.67,5.05,3626.0,0.018606,3621.63,0.5,3626.25,0.714001,3621.62,0.5,3626.5,0.09996,3621.61,0.064639,3626.8,0.03308,3621.58,0.5,3626.81,0.173603,3621.42,0.523421,3626.85,0.004135,3621.03,1.0,3627.0,0.250357,3621.0,0.003,3627.45,0.033077,3620.77,0.5,3627.54,1.868813,3620.38,0.223582,3627.55,0.033526,3620.37,0.329,3627.69,0.0035
2019-02-17 20:13:51.817,BINANCE_SPOT_BTC_USDT,3624.67000000,0.00331900,3623.65,0.052064,3624.67,2e-06,3623.57,0.230784,3624.69,1.0,3622.13,0.148071,3624.72,4.6,3622.11,0.120604,3624.75,0.01104,3622.09,1.674684,3624.9,1.0,3622.07,10.0,3624.93,0.024842,3621.96,1.0,3624.95,0.5,3621.7,0.05337,3624.96,0.5,3621.67,5.05,3625.11,4.857,3621.63,0.5,3625.13,8.563861,3621.62,0.5,3625.25,0.109278,3621.61,0.064639,3626.0,0.018606,3621.58,0.5,3626.25,0.714001,3621.42,0.523421,3626.5,0.09996,3621.03,1.0,3626.79,0.959915,3621.0,0.003,3626.8,0.03308,3620.77,0.5,3626.81,0.173603,3620.38,0.223582,3626.85,0.004135,3620.37,0.329,3627.0,0.250357,3620.1,0.3,3627.45,0.033077
2019-02-17 20:13:53.942,BINANCE_SPOT_BTC_USDT,3623.65000000,0.00317900,3623.67,0.097059,3624.67,2e-06,3623.65,0.048885,3624.69,1.0,3623.57,0.230784,3624.72,4.6,3622.13,0.148071,3624.75,0.01104,3622.11,0.120604,3624.9,1.0,3622.09,1.674684,3624.93,0.024842,3622.07,10.0,3624.95,0.5,3621.96,1.0,3624.96,0.5,3621.7,0.05337,3625.11,4.857,3621.67,5.05,3625.13,8.563861,3621.63,0.5,3625.25,0.109278,3621.62,0.5,3626.0,0.018606,3621.61,0.064639,3626.25,0.714001,3621.58,0.5,3626.5,0.09996,3621.42,0.523421,3626.8,0.03308,3621.03,1.0,3626.81,0.173603,3621.0,0.003,3626.85,0.004135,3620.77,0.5,3627.0,0.250357,3620.38,0.223582,3627.45,0.033077,3620.37,0.329,3627.54,1.868813
2019-02-17 20:13:55.886,BINANCE_SPOT_BTC_USDT,3623.67000000,0.09705900,3623.65,0.048885,3624.72,4.506121,3623.59,0.21975,3624.75,0.01104,3622.13,0.148071,3624.93,0.024842,3622.11,0.120604,3624.95,0.5,3622.09,1.674684,3625.0,0.138204,3622.07,10.0,3625.08,0.5,3621.96,1.0,3625.11,4.857,3621.7,0.05337,3625.13,8.563861,3621.67,5.05,3625.25,0.109278,3621.63,0.5,3626.0,0.018606,3621.62,0.5,3626.25,0.714001,3621.61,0.064639,3626.5,0.09996,3621.58,0.5,3626.8,0.03308,3621.42,0.523421,3626.81,0.173603,3621.03,1.0,3626.85,0.004135,3621.0,0.003,3627.0,0.250357,3620.77,0.5,3627.45,0.033077,3620.38,0.223582,3627.54,1.868813,3620.37,0.329,3627.55,0.033526,3620.1,0.3,3627.69,0.0035
2019-02-17 20:13:58.072,BINANCE_SPOT_BTC_USDT,3623.65000000,0.01077600,3623.65,0.038109,3624.71,0.014033,3623.64,0.220502,3624.75,0.01104,3622.28,0.577477,3624.88,0.5,3622.26,0.5,3624.93,0.024842,3622.11,0.120606,3625.0,0.138204,3622.09,1.245278,3625.08,0.5,3622.07,10.0,3625.11,4.857,3621.96,1.0,3625.13,8.563861,3621.7,0.05337,3625.25,0.109278,3621.67,5.05,3626.0,0.018606,3621.63,0.5,3626.25,0.714001,3621.61,0.064639,3626.5,0.09996,3621.58,0.5,3626.8,0.03308,3621.42,0.523421,3626.81,0.173603,3621.03,1.0,3626.85,0.004135,3621.0,0.003,3627.0,0.250357,3620.77,0.5,3627.45,0.033077,3620.38,0.223582,3627.54,1.868813,3620.37,0.329,3627.55,0.033526,3620.1,0.3,3627.69,0.0035
2019-02-17 20:13:59.998,BINANCE_SPOT_BTC_USDT,3624.70000000,0.80008700,3623.67,0.122607,3624.7,0.199913,3623.65,0.260087,3624.71,0.014033,3622.29,0.04574,3624.75,0.01104,3622.28,0.577477,3624.88,0.5,3622.26,0.5,3624.92,0.5,3622.24,0.5,3624.93,0.024842,3622.11,0.074737,3625.0,0.138204,3622.09,1.245278,3625.11,4.857,3622.07,10.0,3625.13,8.563861,3621.96,1.0,3625.25,0.109278,3621.7,0.05337,3626.0,0.018606,3621.67,5.05,3626.25,0.714001,3621.61,0.064639,3626.5,0.09996,3621.58,0.5,3626.8,0.03308,3621.42,0.523421,3626.81,0.173603,3621.03,1.0,3626.85,0.004135,3621.0,0.003,3627.0,0.250357,3620.77,0.5,3627.45,0.033077,3620.38,0.223582,3627.54,1.868813,3620.37,0.329,3627.55,0.033526
2019-02-17 20:14:02.041,BINANCE_SPOT_BTC_USDT,3623.63000000,0.01553400,3622.13,1.261345,3623.6,0.008144,3622.11,7.8,3623.62,0.386891,3622.1,0.270297,3623.65,0.030235,3621.7,0.05337,3624.6,0.577477,3621.67,5.05,3624.62,0.456048,3621.61,0.064639,3624.65,0.051059,3621.42,0.523421,3624.69,10.1,3621.03,1.0,3624.7,6.199913,3621.0,0.003,3624.71,0.014033,3620.77,0.5,3624.75,0.01104,3620.38,0.223582,3624.88,0.5,3620.37,0.329,3624.92,0.5,3620.1,0.3,3624.93,0.024842,3620.0,0.003,3625.0,0.138204,3619.77,0.3,3625.11,4.857,3619.76,0.5,3625.13,8.563861,3619.54,0.068137,3625.25,0.109278,3619.5,0.01818,3626.0,0.018606,3619.26,0.08848,3626.24,1.902333,3618.87,1.831893,3626.25,0.714001
2019-02-17 20:14:04.059,BINANCE_SPOT_BTC_USDT,3623.60000000,0.00551800,3622.39,0.060713,3623.59,0.01104,3622.34,0.232535,3623.6,0.002626,3622.22,0.02106,3623.65,0.030235,3622.2,0.072991,3624.6,0.628536,3622.13,1.245801,3624.62,0.456048,3622.11,6.8,3624.69,10.1,3622.1,0.242884,3624.7,6.199913,3621.7,0.05337,3624.71,0.014033,3621.67,5.05,3624.86,0.5,3621.61,0.064639,3624.88,0.5,3621.42,0.550741,3624.93,0.024842,3621.03,1.0,3625.0,0.138204,3621.0,0.003,3625.11,4.857,3620.77,0.5,3625.13,8.563861,3620.38,0.223582,3625.25,0.109278,3620.37,0.329,3626.0,0.018606,3620.1,0.3,3626.24,1.902333,3620.0,0.003,3626.25,0.581569,3619.77,0.3,3626.5,0.09996,3619.76,0.5,3626.8,0.03308
2019-02-17 20:14:06.006,BINANCE_SPOT_BTC_USDT,3622.56000000,0.00892700,3622.82,0.060701,3624.24,0.049651,3622.78,0.017611,3624.47,0.006073,3622.76,0.23046,3624.49,0.051059,3622.42,1.395702,3624.51,0.148071,3622.4,5.1,3624.53,0.279547,3622.2,0.072991,3624.55,1.162007,3622.1,0.242884,3624.69,10.1,3621.7,0.05337,3624.7,6.199913,3621.67,5.05,3624.71,0.014033,3621.61,0.064639,3624.86,0.5,3621.42,0.523421,3624.87,0.5,3621.03,1.0,3624.93,0.024842,3621.0,0.003,3625.0,0.138204,3620.77,0.5,3625.11,4.857,3620.38,0.223582,3625.13,8.563861,3620.37,0.329,3625.25,0.109278,3620.1,0.3,3626.0,0.018606,3620.0,0.003,3626.25,0.581569,3619.77,0.3,3626.45,0.552042,3619.76,0.5,3626.5,0.09996
2019-02-17 20:14:07.945,BINANCE_SPOT_BTC_USDT,3622.56000000,0.00892700,3622.93,0.2763,3624.12,0.049651,3622.4,0.2,3624.49,0.051059,3622.2,0.072991,3624.51,0.154144,3622.1,0.242884,3624.53,0.279547,3621.71,0.01761,3624.55,1.162007,3621.7,0.05337,3624.69,10.1,3621.69,1.395471,3624.7,6.227291,3621.67,5.05,3624.71,0.014033,3621.61,0.064639,3624.86,0.5,3621.42,0.523421,3624.87,0.5,3621.03,1.0,3624.93,0.024842,3621.0,0.003,3625.0,0.138204,3620.77,0.5,3625.11,4.857,3620.38,0.223582,3625.13,8.563861,3620.37,0.329,3625.25,0.109278,3620.1,0.3,3626.0,0.018606,3620.0,0.003,3626.25,0.581569,3619.77,0.3,3626.5,0.09996,3619.76,0.5,3626.79,0.345134,3619.54,0.068137,3626.8,0.03308
